{
    "base_price": [
        10000,
        20000,
        30000,
        40000,
        50000,
        60000,
        70000,
        80000,
        90000,
        100000,
        110000,
        120000,
        130000,
        140000,
        150000,
        160000,
        170000,
        180000,
        190000,
        200000,
        210000,
        220000,
        230000,
        240000,
        250000,
        260000,
        270000,
        280000,
        290000,
        300000,
        310000,
        320000,
        330000,
        340000,
        350000,
        360000,
        370000,
        380000,
        390000,
        400000,
        410000,
        420000,
        430000,
        440000,
        450000,
        460000,
        470000,
        480000,
        490000,
        500000,
        510000,
        520000,
        530000,
        540000,
        550000,
        560000,
        570000,
        580000,
        590000,
        600000,
        610000,
        620000,
        630000,
        640000,
        650000,
        660000,
        670000,
        680000,
        690000,
        700000,
        710000,
        720000,
        730000,
        740000,
        750000,
        760000,
        770000,
        780000,
        790000,
        800000,
        810000,
        820000,
        830000,
        840000,
        850000,
        860000,
        870000,
        880000,
        890000,
        900000,
        910000,
        920000,
        930000,
        940000,
        950000,
        960000,
        970000,
        980000,
        990000,
        1000000,
        1010000,
        1020000,
        1030000,
        1040000,
        1050000,
        1060000,
        1070000,
        1080000,
        1090000,
        1100000,
        1110000,
        1120000,
        1130000,
        1140000,
        1150000,
        1160000,
        1170000,
        1180000,
        1190000,
        1200000,
        1210000,
        1220000,
        1230000,
        1240000,
        1250000,
        1260000,
        1270000,
        1280000,
        1290000,
        1300000,
        1310000,
        1320000,
        1330000,
        1340000
    ],
    "base_probability": [
        0.002181183655663807,
        0.004362367311327614,
        0.0065435509669914205,
        0.008143085647811545,
        0.00945179584120983,
        0.00959720808492075,
        0.011196742765740876,
        0.012796277446561,
        0.014395812127381127,
        0.014541224371092046,
        0.014395812127381127,
        0.01570452232077941,
        0.017013232514177693,
        0.01628617129562309,
        0.015268285589646649,
        0.01628617129562309,
        0.017304057001599534,
        0.018321942707575978,
        0.01933982841355242,
        0.020357714119528865,
        0.021375599825505305,
        0.022393485531481752,
        0.023411371237458192,
        0.02442925694343464,
        0.02181183655663807,
        0.022684310018903593,
        0.023556783481169113,
        0.01628617129562309,
        0.016867820270466773,
        0.013087101933982841,
        0.009015559110077068,
        0.009306383597498911,
        0.00959720808492075,
        0.009888032572342591,
        0.010178857059764432,
        0.010469681547186274,
        0.010760506034608115,
        0.011051330522029954,
        0.011342155009451797,
        0.011632979496873638,
        0.011923803984295479,
        0.01221462847171732,
        0.012505452959139159,
        0.012796277446561,
        0.013087101933982841,
        0.013377926421404684,
        0.013668750908826525,
        0.013959575396248364,
        0.0071251999418351026,
        0.007270612185546023,
        0.007416024429256944,
        0.007561436672967864,
        0.007706848916678784,
        0.007852261160389704,
        0.007997673404100625,
        0.008143085647811545,
        0.008288497891522468,
        0.008433910135233386,
        0.008579322378944309,
        0.008724734622655227,
        0.008870146866366148,
        0.009015559110077068,
        0.009160971353787989,
        0.009306383597498911,
        0.00945179584120983,
        0.00959720808492075,
        0.009742620328631671,
        0.009888032572342591,
        0.010033444816053512,
        0.010178857059764432,
        0.010324269303475353,
        0.010469681547186274,
        0.010615093790897194,
        0.010760506034608115,
        0.010905918278319035,
        0.011051330522029954,
        0.011196742765740876,
        0.011342155009451797,
        0.011487567253162717,
        0.011632979496873638,
        0.011778391740584556,
        0.011923803984295479,
        0.0,
        0.0,
        0.0,
        0.0,
        0.0,
        0.0,
        0.0,
        0.0,
        0.0,
        0.0,
        0.0,
        0.0,
        0.0,
        0.0,
        0.0,
        0.0,
        0.0,
        0.0,
        0.0,
        0.0,
        0.0,
        0.0,
        0.0,
        0.0,
        0.0,
        0.0,
        0.0,
        0.0,
        0.0,
        0.0,
        0.0,
        0.0,
        0.0,
        0.0,
        0.0,
        0.0,
        0.0,
        0.0,
        0.0,
        0.0,
        0.0,
        0.0,
        0.0,
        0.0,
        0.0,
        0.0,
        0.0,
        0.0,
        0.0,
        0.0,
        0.0,
        0.0
    ],
    "proportional_price": [
        10000,
        110000,
        210000,
        310000,
        410000,
        510000,
        610000
    ],
    "proportional_probability": [
        0.21465968586387432,
        0.40314136125654443,
        0.21989528795811514,
        0.16230366492146595,
        0.0,
        0.0,
        0.0
    ]
}