{
    "base_price": [
        10000,
        20000,
        30000,
        40000,
        50000,
        60000,
        70000,
        80000,
        90000,
        100000,
        110000,
        120000,
        130000,
        140000,
        150000,
        160000,
        170000,
        180000,
        190000,
        200000,
        210000,
        220000,
        230000,
        240000,
        250000,
        260000,
        270000,
        280000,
        290000,
        300000,
        310000,
        320000,
        330000,
        340000,
        350000,
        360000,
        370000,
        380000,
        390000,
        400000,
        410000,
        420000,
        430000,
        440000,
        450000,
        460000,
        470000,
        480000,
        490000,
        500000,
        510000,
        520000,
        530000,
        540000,
        550000,
        560000,
        570000,
        580000,
        590000,
        600000,
        610000,
        620000,
        630000,
        640000,
        650000,
        660000,
        670000,
        680000,
        690000,
        700000,
        710000,
        720000,
        730000,
        740000,
        750000,
        760000,
        770000,
        780000,
        790000,
        800000,
        810000,
        820000,
        830000,
        840000,
        850000,
        860000,
        870000,
        880000,
        890000,
        900000,
        910000,
        920000,
        930000,
        940000,
        950000,
        960000,
        970000,
        980000,
        990000,
        1000000,
        1010000,
        1020000,
        1030000,
        1040000,
        1050000,
        1060000,
        1070000,
        1080000,
        1090000,
        1100000,
        1110000,
        1120000,
        1130000,
        1140000,
        1150000,
        1160000,
        1170000,
        1180000,
        1190000,
        1200000,
        1210000,
        1220000,
        1230000,
        1240000,
        1250000,
        1260000,
        1270000,
        1280000,
        1290000,
        1300000,
        1310000,
        1320000,
        1330000,
        1340000
    ],
    "base_probability": [
        0.0012910166756320601,
        0.0025820333512641203,
        0.0038730500268961804,
        0.005164066702528241,
        0.006455083378160301,
        0.005809575040344271,
        0.006024744486282947,
        0.006885422270037655,
        0.007746100053792361,
        0.008606777837547068,
        0.009467455621301775,
        0.010328133405056481,
        0.011188811188811189,
        0.012049488972565895,
        0.011296395911780527,
        0.012049488972565895,
        0.012802582033351264,
        0.013555675094136634,
        0.014308768154922002,
        0.01506186121570737,
        0.015814954276492738,
        0.016568047337278104,
        0.017321140398063477,
        0.018074233458848843,
        0.01613770844540075,
        0.016783216783216783,
        0.014523937600860678,
        0.01506186121570737,
        0.015599784830554062,
        0.01613770844540075,
        0.016675632060247445,
        0.017213555675094135,
        0.01775147928994083,
        0.01828940290478752,
        0.018827326519634213,
        0.015492200107584722,
        0.015922538999462076,
        0.016352877891339428,
        0.016783216783216783,
        0.017213555675094135,
        0.017643894566971487,
        0.018074233458848843,
        0.018504572350726195,
        0.01893491124260355,
        0.019365250134480903,
        0.014846691769768694,
        0.01516944593867671,
        0.015492200107584722,
        0.010543302850995159,
        0.010758472296933835,
        0.010973641742872511,
        0.011188811188811189,
        0.011403980634749865,
        0.011619150080688543,
        0.011834319526627219,
        0.012049488972565895,
        0.012264658418504572,
        0.012479827864443249,
        0.012694997310381926,
        0.012910166756320602,
        0.013125336202259278,
        0.006670252824098977,
        0.006777837547068317,
        0.006885422270037655,
        0.006993006993006993,
        0.007100591715976331,
        0.007208176438945669,
        0.007315761161915009,
        0.007423345884884347,
        0.007530930607853685,
        0.007638515330823023,
        0.007746100053792361,
        0.0078536847767617,
        0.007961269499731038,
        0.008068854222700376,
        0.008176438945669714,
        0.008284023668639052,
        0.008391608391608392,
        0.00849919311457773,
        0.008606777837547068,
        0.008714362560516406,
        0.008821947283485744,
        0.008929532006455083,
        0.009037116729424421,
        0.00914470145239376,
        0.009252286175363097,
        0.0,
        0.0,
        0.0,
        0.0,
        0.0,
        0.0,
        0.0,
        0.0,
        0.0,
        0.0,
        0.0,
        0.0,
        0.0,
        0.0,
        0.0,
        0.0,
        0.0,
        0.0,
        0.0,
        0.0,
        0.0,
        0.0,
        0.0,
        0.0,
        0.0,
        0.0,
        0.0,
        0.0,
        0.0,
        0.0,
        0.0,
        0.0,
        0.0,
        0.0,
        0.0,
        0.0,
        0.0,
        0.0,
        0.0,
        0.0,
        0.0,
        0.0,
        0.0,
        0.0,
        0.0,
        0.0,
        0.0,
        0.0
    ],
    "proportional_price": [
        10000,
        110000,
        210000,
        310000,
        410000,
        510000,
        610000
    ],
    "proportional_probability": [
        0.004484304932735426,
        0.29596412556053814,
        0.37668161434977576,
        0.13901345291479822,
        0.18385650224215247,
        0.0,
        0.0
    ]
}