{
    "base_price": [
        10000,
        20000,
        30000,
        40000,
        50000,
        60000,
        70000,
        80000,
        90000,
        100000,
        110000,
        120000,
        130000,
        140000,
        150000,
        160000,
        170000,
        180000,
        190000,
        200000,
        210000,
        220000,
        230000,
        240000,
        250000,
        260000,
        270000,
        280000,
        290000,
        300000,
        310000,
        320000,
        330000,
        340000,
        350000,
        360000,
        370000,
        380000,
        390000,
        400000,
        410000,
        420000,
        430000,
        440000,
        450000,
        460000,
        470000,
        480000,
        490000,
        500000,
        510000,
        520000,
        530000,
        540000,
        550000,
        560000,
        570000,
        580000,
        590000,
        600000,
        610000,
        620000,
        630000,
        640000,
        650000,
        660000,
        670000,
        680000,
        690000,
        700000,
        710000,
        720000,
        730000,
        740000,
        750000,
        760000,
        770000,
        780000,
        790000,
        800000,
        810000,
        820000,
        830000,
        840000,
        850000,
        860000,
        870000,
        880000,
        890000,
        900000,
        910000,
        920000,
        930000,
        940000,
        950000,
        960000,
        970000,
        980000,
        990000,
        1000000,
        1010000,
        1020000,
        1030000,
        1040000,
        1050000,
        1060000,
        1070000,
        1080000,
        1090000,
        1100000,
        1110000,
        1120000,
        1130000,
        1140000,
        1150000,
        1160000,
        1170000,
        1180000,
        1190000,
        1200000,
        1210000,
        1220000,
        1230000,
        1240000,
        1250000,
        1260000,
        1270000,
        1280000,
        1290000,
        1300000,
        1310000,
        1320000,
        1330000,
        1340000
    ],
    "base_probability": [
        0.002688172043010753,
        0.005376344086021506,
        0.008064516129032258,
        0.010752688172043012,
        0.010080645161290324,
        0.012096774193548387,
        0.014112903225806453,
        0.016129032258064516,
        0.012096774193548387,
        0.013440860215053765,
        0.014784946236559142,
        0.016129032258064516,
        0.017473118279569894,
        0.01881720430107527,
        0.020161290322580648,
        0.021505376344086023,
        0.022849462365591402,
        0.024193548387096774,
        0.025537634408602152,
        0.02688172043010753,
        0.028225806451612906,
        0.029569892473118285,
        0.030913978494623656,
        0.03225806451612903,
        0.03360215053763441,
        0.03494623655913979,
        0.036290322580645164,
        0.03763440860215054,
        0.038978494623655914,
        0.040322580645161296,
        0.041666666666666664,
        0.021505376344086023,
        0.02217741935483871,
        0.022849462365591402,
        0.02352150537634409,
        0.024193548387096774,
        0.024865591397849465,
        0.025537634408602152,
        0.026209677419354843,
        0.02688172043010753,
        0.027553763440860215,
        0.028225806451612906,
        0.028897849462365593,
        0.0,
        0.0,
        0.0,
        0.0,
        0.0,
        0.0,
        0.0,
        0.0,
        0.0,
        0.0,
        0.0,
        0.0,
        0.0,
        0.0,
        0.0,
        0.0,
        0.0,
        0.0,
        0.0,
        0.0,
        0.0,
        0.0,
        0.0,
        0.0,
        0.0,
        0.0,
        0.0,
        0.0,
        0.0,
        0.0,
        0.0,
        0.0,
        0.0,
        0.0,
        0.0,
        0.0,
        0.0,
        0.0,
        0.0,
        0.0,
        0.0,
        0.0,
        0.0,
        0.0,
        0.0,
        0.0,
        0.0,
        0.0,
        0.0,
        0.0,
        0.0,
        0.0,
        0.0,
        0.0,
        0.0,
        0.0,
        0.0,
        0.0,
        0.0,
        0.0,
        0.0,
        0.0,
        0.0,
        0.0,
        0.0,
        0.0,
        0.0,
        0.0,
        0.0,
        0.0,
        0.0,
        0.0,
        0.0,
        0.0,
        0.0,
        0.0,
        0.0,
        0.0,
        0.0,
        0.0,
        0.0,
        0.0,
        0.0,
        0.0,
        0.0,
        0.0,
        0.0,
        0.0,
        0.0,
        0.0,
        0.0
    ],
    "proportional_price": [
        10000,
        110000,
        210000,
        310000,
        410000,
        510000,
        610000
    ],
    "proportional_probability": [
        0.22891566265060245,
        0.2650602409638555,
        0.5060240963855422,
        0.0,
        0.0,
        0.0,
        0.0
    ]
}